,jail_id,convicts_utp,created_by,title,description,dpcs_remark
1,1,10,5,NULL,Success Story,NULL
2,1,10,5,NULL,Success Story,all ok
5,1,3,5,NULL,hdashjfhifheii,all ok
4,1,18,5,NULL,"Lorem ipsum dolor sit amet, consectetuer adipiscing elit. Aenean commodo ligula eget dolor. Aenean mguyyvtyutyutuyttyutyuy4891899894848 gyu!@#$%^$#",NULL
6,1,1,5,NULL,testing,ok
10,1,1,5,NULL,Demo,NULL
9,1,3,5,NULL,demo demo,NULL
11,1,21,5,NULL,Testing Done .,NULL
12,1,23,5,NULL,NSNSUCSUC NNSWCIUNW UCU,Okk
13,1,23,5,NULL,BVUERBVU NVINUR NVNR VNNR VNR VNRNIRUN,NULL
14,1,29,5,NULL,ndjkeek  cej cje ecejejjewbjebue ebfeb,NULL
15,1,5,5,Functionality Issue Functionality Issue Functionality Issue,UVSVBY IVEBEBV BEUBVUEBVUY BCEYBVCYUBE BYEWBVUYBE BVUEBUBEV BVUEBYUBEVUY BVEBEUBV BEVBUE,NULL
17,1,1,5,Functionality Issue,Functionality Issue Functionality Issue Functionality Issue Functionality Issue Functionality Issue Functionality Issue Functionality Issue,NULL
18,1,31,5,People never giveup.,"Soichiro Honda, who wanted to work for Toyota, but was rejected; however, he didn't give up his dream of building cars and later he went on to found the very successful Honda Motor Company",OKK
26,1,1,5,bvnvnvnvhnvhnvhn,bnmbvhnhvnhvn,NULL
20,1,1,5,WSEDRFTG DRFTGYHURCTVBYNJ TGYBNJ,"o add multiple photos to an Instagram story, you can either select them one by one from your gallery using the sticker icon or use the ""Select"" button to create a slideshow of individual story frames. For collages,",NULL
21,1,20,5,RFTGYUFRTGYHUJIY,RCTVGYJ,NULL
27,1,20,5,QWERTYUDFGHJKVBN FGHVYVYVYVY VTTRCTRCTCT,BUBUBYUBUBU BYUBYVTCTRXERXERX BYUBYYUUBUB BUYBUBUYBYUY BUUBUBUYBUYB BUYBUBUYUY,NULL
23,1,20,5,Reformative Stories Report,"A Reformative Stories Report refers to accounts of the Protestant Reformation, a religious movement in the 16th century that challenged the authority and doctrines of the Roman Catholic Church, resulting in the formation of Protestantism.",NULL
24,1,28,5,The Reformative Theory of Punishment,"The Reformative Theory of Punishment, based on Gandhi's quote, aims to reform offenders through individual treatment, rehabilitating them into law-abiding .",NULL
25,1,6,5,testavbi,"ffnbm,",NULL
28,1,NULL,5,rtytyy ghg,gftgchhhgv vbhb,NULL
29,1,8,5,Inmates stories of Prakash,testing testing,okkkk
30,1,14,5,Archana Reformative stories,trfrtf vtyvytvytv vtyvtvtyv tyvytvtyvy tvytvtyvy vtyvyvy tyvyt,okkkkkk
31,1,26,5,Reformative stories of Poonam dsahhhh,edrtfyhtfrgyh rftgyhutfgy rftyhtfyhu rtbgyhngy trvbgynhj,OKKKKK
32,1,26,5,Refromative Stories of Poonam,"Reformative stories are narratives centered on themes of fundamental change, redemption, and personal or social improvement. They explore how characters or societies transform, often for the better, by overcoming flaws, challenging unjust norms, or embarking on a path toward a new and better way of life.",Testing
33,1,2,5,Reformative Stories of Successful person,"The findings of inspection notes are factual observations, descriptions.",testing
