,post_id,title,description
1,15,"Image-1,Image-1","null,null"
2,15,"Image-2,null","null,null"
3,15,"Image-3,null","null,null"
4,15,"Image-4,null","null,null"
5,15,"Image-4,Image-4","null,null"
9,108,-,-
10,15,"Choudwar jail,Choudwar jail","Circle jail Choudwar,Cuttack,Circle jail Choudwar,Cuttack"
12,15,Theaters,"Theaters......,Theaters......"
13,15,library,"library....,library..."
16,15,"play ground,play ground","play ground,play ground"
17,15,"Weaving,Weaving","Weaving,Weaving"
18,15,"Weaving,Weaving","Weaving,Weaving"
